ID,Bunny Name,Breed
1,Buttercup,Flemish Giant
2,Hopper,Flemish Giant
3,Whiskers,Lop
4,Nibbles,Flemish Giant
5,Buttercup,Netherland Dwarf
6,Binky,Rex
7,Snowball,Lop
8,Buttercup,Rex
9,Whiskers,Flemish Giant
10,Nibbles,Flemish Giant
11,Hopper,Lop
12,Whiskers,Netherland Dwarf
13,Whiskers,Dutch
14,Snowball,Lop
15,Peanut,Dutch
16,Nibbles,Dutch
17,Cotton,Netherland Dwarf
18,Whiskers,Dutch
19,Peanut,Dutch
20,Cotton,Netherland Dwarf
21,Nibbles,Dutch
22,Fluffy,Dutch
23,Binky,Dutch
24,Peanut,Lop
25,Coco,Lop
26,Fluffy,Lop
27,Binky,Netherland Dwarf
28,Snowball,Flemish Giant
29,Buttercup,Dutch
30,Hopper,Dutch
31,Coco,Netherland Dwarf
32,Snowball,Dutch
33,Nibbles,Lop
34,Snowball,Flemish Giant
35,Buttercup,Rex
36,Nibbles,Dutch
37,Coco,Lop
38,Buttercup,Rex
39,Cotton,Flemish Giant
40,Hopper,Rex
41,Coco,Lop
42,Cotton,Rex
43,Binky,Netherland Dwarf
44,Coco,Rex
45,Binky,Dutch
46,Nibbles,Dutch
47,Cotton,Netherland Dwarf
48,Hopper,Lop
49,Buttercup,Dutch
50,Whiskers,Flemish Giant
51,Snowball,Dutch
52,Fluffy,Dutch
53,Hopper,Lop
54,Cotton,Rex
55,Whiskers,Dutch
56,Hopper,Netherland Dwarf
57,Cotton,Rex
58,Peanut,Flemish Giant
59,Peanut,Lop
60,Binky,Flemish Giant
61,Hopper,Rex
62,Peanut,Rex
63,Cotton,Rex
64,Binky,Flemish Giant
65,Cotton,Rex
66,Binky,Flemish Giant
67,Hopper,Rex
68,Whiskers,Netherland Dwarf
69,Buttercup,Rex
70,Coco,Flemish Giant
71,Whiskers,Dutch
72,Nibbles,Rex
73,Cotton,Dutch
74,Nibbles,Netherland Dwarf
75,Whiskers,Lop
76,Binky,Netherland Dwarf
77,Coco,Rex
78,Coco,Dutch
79,Fluffy,Dutch
80,Coco,Flemish Giant
81,Buttercup,Dutch
82,Coco,Flemish Giant
83,Whiskers,Lop
84,Fluffy,Rex
85,Whiskers,Flemish Giant
86,Whiskers,Lop
87,Snowball,Dutch
88,Fluffy,Dutch
89,Whiskers,Lop
90,Snowball,Dutch
91,Snowball,Lop
92,Fluffy,Flemish Giant
93,Nibbles,Flemish Giant
94,Binky,Lop
95,Buttercup,Flemish Giant
96,Binky,Flemish Giant
97,Coco,Flemish Giant
98,Buttercup,Netherland Dwarf
99,Coco,Rex
100,Whiskers,Dutch
101,Cotton,Netherland Dwarf
102,Fluffy,Flemish Giant
103,Buttercup,Lop
104,Buttercup,Flemish Giant
105,Whiskers,Rex
106,Nibbles,Flemish Giant
107,Snowball,Lop
108,Whiskers,Rex
109,Peanut,Flemish Giant
110,Snowball,Rex
111,Fluffy,Dutch
112,Snowball,Dutch
113,Nibbles,Flemish Giant
114,Snowball,Rex
115,Fluffy,Lop
116,Nibbles,Flemish Giant
117,Binky,Dutch
118,Buttercup,Dutch
119,Buttercup,Flemish Giant
120,Coco,Rex
121,Binky,Dutch
122,Binky,Rex
123,Snowball,Dutch
124,Buttercup,Dutch
125,Fluffy,Netherland Dwarf
126,Hopper,Dutch
127,Hopper,Lop
128,Nibbles,Flemish Giant
129,Buttercup,Flemish Giant
130,Buttercup,Rex
131,Hopper,Dutch
132,Buttercup,Lop
133,Snowball,Rex
134,Peanut,Netherland Dwarf
135,Cotton,Rex
136,Binky,Rex
137,Coco,Dutch
138,Nibbles,Netherland Dwarf
139,Peanut,Rex
140,Hopper,Lop
141,Binky,Lop
142,Buttercup,Flemish Giant
143,Coco,Netherland Dwarf
144,Buttercup,Netherland Dwarf
145,Fluffy,Flemish Giant
146,Fluffy,Rex
147,Coco,Netherland Dwarf
148,Coco,Lop
149,Hopper,Lop
150,Coco,Dutch
151,Snowball,Netherland Dwarf
152,Buttercup,Rex
153,Peanut,Flemish Giant
154,Whiskers,Flemish Giant
155,Coco,Rex
156,Nibbles,Dutch
157,Fluffy,Flemish Giant
158,Snowball,Netherland Dwarf
159,Binky,Dutch
160,Whiskers,Netherland Dwarf
161,Peanut,Lop
162,Whiskers,Dutch
163,Coco,Flemish Giant
164,Hopper,Dutch
165,Fluffy,Dutch
166,Fluffy,Dutch
167,Binky,Dutch
168,Hopper,Netherland Dwarf
169,Buttercup,Lop
170,Cotton,Rex
171,Snowball,Dutch
172,Fluffy,Flemish Giant
173,Nibbles,Dutch
174,Fluffy,Flemish Giant
175,Whiskers,Netherland Dwarf
176,Fluffy,Flemish Giant
177,Fluffy,Rex
178,Cotton,Lop
179,Cotton,Flemish Giant
180,Peanut,Flemish Giant
181,Buttercup,Lop
182,Nibbles,Rex
183,Fluffy,Dutch
184,Fluffy,Flemish Giant
185,Snowball,Lop
186,Cotton,Netherland Dwarf
187,Nibbles,Lop
188,Binky,Netherland Dwarf
189,Peanut,Rex
190,Buttercup,Dutch
191,Hopper,Lop
192,Buttercup,Flemish Giant
193,Whiskers,Rex
194,Fluffy,Lop
195,Peanut,Flemish Giant
196,Whiskers,Lop
197,Nibbles,Netherland Dwarf
198,Hopper,Lop
199,Cotton,Lop
200,Peanut,Lop
201,Peanut,Rex
202,Fluffy,Lop
203,Coco,Flemish Giant
204,Peanut,Netherland Dwarf
205,Snowball,Netherland Dwarf
206,Hopper,Lop
207,Hopper,Rex
208,Snowball,Rex
209,Binky,Flemish Giant
210,Snowball,Lop
211,Snowball,Netherland Dwarf
212,Hopper,Rex
213,Buttercup,Lop
214,Hopper,Rex
215,Coco,Rex
216,Fluffy,Netherland Dwarf
217,Whiskers,Dutch
218,Buttercup,Flemish Giant
219,Cotton,Flemish Giant
220,Whiskers,Netherland Dwarf
221,Fluffy,Rex
222,Coco,Lop
223,Coco,Rex
224,Cotton,Netherland Dwarf
225,Buttercup,Flemish Giant
226,Binky,Rex
227,Snowball,Flemish Giant
228,Buttercup,Lop
229,Binky,Flemish Giant
230,Coco,Flemish Giant
231,Hopper,Dutch
232,Fluffy,Dutch
233,Cotton,Dutch
234,Fluffy,Flemish Giant
235,Nibbles,Netherland Dwarf
236,Nibbles,Flemish Giant
237,Buttercup,Netherland Dwarf
238,Coco,Netherland Dwarf
239,Coco,Dutch
240,Snowball,Rex
241,Snowball,Lop
242,Snowball,Dutch
243,Hopper,Dutch
244,Whiskers,Rex
245,Peanut,Lop
246,Whiskers,Flemish Giant
247,Fluffy,Flemish Giant
248,Whiskers,Dutch
249,Hopper,Lop
250,Fluffy,Dutch
251,Whiskers,Netherland Dwarf
252,Hopper,Dutch
253,Peanut,Dutch
254,Whiskers,Flemish Giant
255,Hopper,Flemish Giant
256,Snowball,Flemish Giant
257,Coco,Netherland Dwarf
258,Snowball,Flemish Giant
259,Coco,Lop
260,Cotton,Rex
261,Cotton,Lop
262,Cotton,Lop
263,Peanut,Flemish Giant
264,Snowball,Rex
265,Coco,Rex
266,Hopper,Rex
267,Fluffy,Netherland Dwarf
268,Hopper,Flemish Giant
269,Fluffy,Rex
270,Nibbles,Netherland Dwarf
271,Hopper,Dutch
272,Whiskers,Dutch
273,Whiskers,Netherland Dwarf
274,Buttercup,Netherland Dwarf
275,Snowball,Flemish Giant
276,Fluffy,Flemish Giant
277,Fluffy,Dutch
278,Snowball,Rex
279,Peanut,Dutch
280,Buttercup,Rex
281,Peanut,Rex
282,Peanut,Flemish Giant
283,Peanut,Lop
284,Snowball,Lop
285,Peanut,Netherland Dwarf
286,Whiskers,Flemish Giant
287,Cotton,Rex
288,Nibbles,Lop
289,Fluffy,Rex
290,Fluffy,Lop
291,Nibbles,Lop
292,Snowball,Lop
293,Hopper,Flemish Giant
294,Snowball,Dutch
295,Fluffy,Rex
296,Fluffy,Flemish Giant
297,Nibbles,Flemish Giant
298,Peanut,Flemish Giant
299,Snowball,Flemish Giant
300,Coco,Flemish Giant
